14.43108284011637,83.1426347042158,2.9672127086469597,85.0995135233525,-23.544870086930537,109.84734520891618,102.89327715667793,57.41442951195415,-47.75520164841301
107.28565552345809,103.20181728589424,-0.3315727085754965,45.039064890374185,102.8096262560016,44.040578418280504,1.608714458319767,21.917861820893798,46.04335328661335
4.881791074965139,72.19519478497548,-4.643145484729674,6.771800912804885,-40.26573677128216,99.727760986785,43.01021813071278,52.92495765654362,-6.694534470737764
129.16401908249566,83.12533170926278,38.66199681575204,9.396240687644728,29.138727796180703,134.2022488122267,78.84575032262981,40.535892400426164,-16.976859604273866
##########
45.11733751762078,107.3194906009818,14.805270728949843,-42.96626404419132,111.73828058380286,74.43476675138834,31.90113803137519,95.90964979058381,-31.848537484034946
106.8815555906638,102.8637522447865,15.062464202369231,74.06647787552885,-1.2597099883152367,78.5478852505762,104.91258968987336,53.17620510104877,-28.826774688995357
127.5228251264253,43.11397396357088,135.5253677391051,18.217707816706827,31.29222987755294,-12.141862406066672,-29.07643939417524,108.11950457886718,131.08623830712887
82.44942108193644,75.23821835377811,69.78217738516943,43.820736245905614,138.32997240183857,9.224540172969988,34.25692447455419,63.394313519529284,-5.7346756234323735
##########
1.521277904944955,77.39140352721076,127.39425694343058,83.17928773072376,123.65760094531325,26.634160813910654,-3.6042966020893488,77.51032673837045,88.18485432823871
33.095395339047876,100.12439551818161,-2.3591401588748777,20.784861191755418,95.98403365186655,123.61040443741283,57.66840810625734,66.57242748292592,-48.84279645263235
104.6595196285596,56.67413004659021,66.76270024060332,20.527514069035966,-40.49565936116271,84.38597171721085,41.27547243206943,99.29647713092447,90.62602721398517
108.03732585757464,64.93756980476803,101.30220322286505,61.935101069136785,54.5880486218268,57.82842188923429,83.2607260382008,44.90065415720061,90.38898410648477
##########
10.92688946178147,102.62570635472287,112.84366129704509,58.001864952504,-38.31223168708402,40.514401643906425,-16.13787057497904,69.53988350847325,139.51169961663138
112.78736909794638,55.40709140336929,102.9389849168596,18.159135131183,149.8246614703315,65.38439616762055,102.34461530586069,83.58763344780047,46.76629828755348
50.70631486044704,71.9520628917009,23.381925673711436,103.11224859234278,76.42851040623798,111.38507424939553,-21.978844471002205,39.76821850387877,1.7329068293950485
85.07032561169554,57.25378841096129,75.92432440642253,14.763371462145933,36.20291442668413,4.30760589668018,77.4337927631116,54.78540646960067,-10.43917803827052
##########
55.59755820021557,85.88464040786334,79.3054891825463,80.84533917328218,122.10540407373182,64.3376795085145,124.39267433886295,49.694074900620784,-46.11787867455844
118.03108130879596,64.35565300386611,36.301999712337455,127.33870474641253,100.68872905261799,2.10382633370525,89.86124850885628,75.83583252557315,-18.844587481308515
31.227148495704938,44.137089116304075,54.0062045595923,13.618983978197427,74.55898605134281,-15.034061334553364,13.818158449878702,100.14887399525017,0.33363440380248477
16.75225300454018,84.27438860910127,95.12268438580261,43.36283276466346,-32.86318215104327,57.639157620181365,42.24068397813581,54.11037906820526,122.41205708950392
##########
-0.909868577601904,105.45062431024414,72.65502530975692,128.48362874915134,17.461188434780908,115.59250740074651,134.7049440292504,57.86276350689178,108.83508594177869
100.6346204983464,110.27398376949196,100.0159646756479,64.13159326285606,78.5771298942463,59.55911394766693,13.742604306189591,49.521570740520175,-37.00822151537032
100.32409542312365,100.04309624216086,24.992060812023738,17.223409407398,105.09566897791015,56.11181016604456,-7.843661566283053,14.925989371289711,113.36599837321339
81.84480434774558,57.6765381240379,132.8394131217924,-7.87954490638689,102.27494837889304,147.0943600268342,-35.376201260528646,73.81759408853227,-48.308223841269154
##########
13.748590761405016,74.16493058453123,21.097952116660803,2.5183967622836523,19.01166009998883,55.2928040401902,27.973788992427885,60.82480049739748,-17.050358931767093
122.61833135845002,104.36404019163184,49.15704849646912,35.63360866217475,124.06397742650832,115.75596495468758,-38.08665870161645,92.45189617335362,121.90734322993028
67.88287689864767,72.70619352679361,12.428646460382243,84.23548519924462,133.98865521718756,76.85207882693095,78.15604591732411,58.21410017614256,41.861759172365744
108.75614021409822,58.69893849035313,84.09334296016587,69.39488922065814,84.81315315301055,-12.904832404866806,19.1771648171906,46.11859565623129,-5.2909199460061425
##########
120.46579915723028,60.90754632661164,59.386541831800734,35.70594622444549,39.2783852399712,75.86288851979273,80.46594719851674,100.1157067593827,88.7203429318964
82.35065194033159,84.99114096282858,46.548462931960906,-0.4291291305126208,123.67564087265387,34.298930263675786,39.77571116179954,61.432977070655085,-45.77865600193316
42.42307659813498,41.631473551364785,91.50055439726799,65.59489229502677,129.4927006445441,13.364530994732029,-32.15943558504121,56.721231906432344,47.570256650197635
85.33495995417955,60.74635311231583,49.2235763614738,79.93225631355907,-10.79011329085138,95.2467167171948,-45.09546538342021,61.923536544256216,10.193472086027903
##########
33.196423328177666,52.47474388038048,135.2368709909036,26.41065113669378,-26.300457195741522,112.5066126150605,-14.98081331033012,29.18949698315074,-29.16803391461401
1.8402291173846423,78.23596032826005,2.538043361848688,2.2921338801583317,143.31868751447982,66.77031983246262,48.825132151774376,46.297059487173556,-2.031679087863644
5.534444065952242,83.02418756702484,-5.458512466743188,11.292042629960171,24.200262007080582,93.30120405585814,102.9253822991455,78.33475158990814,-43.36729417387371
99.09727854345147,106.66371465435856,84.51836169640515,88.34357375806573,6.880366440610871,7.848855578324532,-25.048778563890416,52.232147383576454,-21.256133335413164
##########
51.49969363185477,87.56593949642021,119.52480961489312,48.78121745615268,-10.616396407638497,58.23158982456303,-19.221528439239883,31.224830808714696,43.48075948090445
26.426238906900206,87.39857655714916,124.26437502743647,2.271154548189969,116.85501332240136,61.46079193093574,8.224157151835179,97.79362847675569,4.741813837644067
94.52098454637711,55.463313521135774,-3.9618170179247842,53.79361574358041,91.9657609894195,123.38695619511176,47.231368208974565,58.88079855235239,-43.94348892018897
101.3641616124557,71.99088880803009,61.25205790699574,94.83520186896462,53.66222775741522,8.76630088556545,133.35853601004763,62.12621369907496,-17.957093807505622
##########
68.15786402589403,90.96526366266775,12.043056770982108,40.712932491583906,-3.200177493135172,42.28888650212829,-5.98109415773699,51.72251118036598,80.62014498537872
112.23755052562326,57.4759833921913,3.932640849806642,61.36076529753928,-36.960264640067805,39.33940575863839,35.74002305403909,81.35613848056411,66.12144184237215
117.42872925457522,55.036785528645176,64.33373476834015,3.1614089565007575,131.879002097711,28.186830599855895,20.142752219745383,46.70540598958795,105.3766336042566
9.55576636581345,93.01473101168824,112.07327374694557,41.0528437600669,128.84024650879294,94.21781410427886,-16.448173969765676,81.67464086747398,103.99458992372658
##########
6.603309228419598,96.22273373161994,53.988746455192484,39.66826791401083,30.320620906309117,42.45197688334524,62.58916151279494,61.62476068563166,-47.206945853484505
16.130310963509004,74.286058715155,18.691558663414035,63.95089416771558,4.97937026031623,103.86981245416803,-33.22199781246542,55.259898631823454,69.16911583764227
67.429728149812,52.31996839137205,38.073602225009616,16.9511323419025,-30.854290855523423,25.390256570417975,65.07633357089179,5.443039151132419,-28.051721953736553
130.44472425740446,84.0533888759273,70.9482617890138,61.320927892387,121.06742737062913,96.81166399547541,-10.085372694513794,58.71352401448504,23.947008190622597
##########
85.77212981978265,50.19833239798088,44.27321217520665,112.18764370410878,53.80352315668546,75.4468493807571,80.0633281627384,39.465603889490886,140.3914164535351
87.99795766111183,85.74684930144306,122.13056484940913,9.086343028374031,-45.27058532519168,72.39131374261343,55.32875700205461,83.42315305120943,117.34639911709792
103.33606431408212,110.82015687785818,-5.107382068426134,61.215788314432395,90.08728054586607,16.749299040327585,38.58778196737182,107.6473100881829,129.7697203515796
36.73620397655829,50.32270686138902,123.5165766603638,25.956605056457086,-12.160176845952428,133.70037128323628,-27.121737414678126,69.03306526243398,101.55405831473973
##########
80.45547280320524,56.655580486786214,117.44633007961235,56.36121618597756,58.38721318869757,53.72072811334074,84.2167275710975,46.8320544278718,118.96854476295348
100.68894015463495,76.43483046282896,95.3763566325454,27.72945512268283,-48.389856018649226,109.66052727960675,39.564593884831645,70.01828006070744,-31.649032214104082
70.250549130155,66.84575696829643,92.95839668027295,96.01503097032915,56.90841692428418,59.31381891383501,1.6041612618837036,68.66268327440255,77.5083144469016
77.89494294200223,107.5654688233536,105.80005427380522,45.584518321974734,61.61279417927558,71.43993567329699,-7.374412435077311,40.93989105821325,-14.996523640911569
##########
19.134945626443788,73.081363157974,39.36530933387187,-0.17833809660094602,56.76778669397477,57.85592734481804,126.04125972557512,65.56504597553338,-33.610826741625594
56.73475242797203,79.7698123823507,69.2896623213139,38.21972835649601,114.40546742150593,82.97437702208731,29.385052745809624,66.24935507098343,142.7861844282599
90.49078225317773,97.84920053294408,38.64874109746208,79.67479217522845,119.66215694249897,22.563996528735174,5.692472329265996,105.25595160101855,-47.12464299305272
13.84493299614133,53.56859758522654,0.6337584730726693,-26.870332458084505,34.61824234233157,136.4237365719384,43.057510051591755,119.17384719608509,11.186492711087894
##########
15.927577479644174,55.80580925994879,-0.8469406445940084,44.292461756483895,60.55046477603901,54.60643894868427,45.71536919497972,66.08920057194473,-33.70010026208145
65.55948471980072,100.60447019082267,10.585444803336827,16.980517180299103,145.63372397791437,-21.610614969303544,23.58927678306265,31.55542329423625,146.53749523310742
2.186676981869149,96.96416162094582,57.59648567607626,43.15023966225697,32.19065437364124,57.24356800383019,-5.073171220796205,45.13116333942238,38.73482482927862
84.12331348549978,66.4190596380498,25.80642580995695,108.95307918195087,148.00542790038008,81.33954295603348,25.005975739869406,94.47234803835607,129.16497026795648
##########
89.49966923716295,77.58649587198892,93.91884819723444,35.31809544280181,110.97028471581424,59.64063815405787,137.987491865877,107.93599859441636,60.1759863653033
106.30487860800504,83.92552234807637,60.91684095179442,119.38587268944474,46.66373491471039,-25.524840634070102,66.06750637591938,72.38178083915483,86.84122145862727
26.491769428326585,57.919644188628325,134.13234616527075,128.59698010384304,136.98618372285114,58.0803842940977,18.88012340071304,20.81898818310967,9.9405569869325
91.1991051633581,89.78172455281162,38.89764638109095,25.772864158227726,70.8330435516227,-46.5402702757227,68.00668062142006,55.7151756279954,144.6937848062688
##########
131.73201765284375,61.447449471437075,-5.851293448459783,85.52432774763497,-9.987375201342545,112.73488345652834,83.48391312523728,86.43889722613861,60.298504260094106
70.73719936089442,82.98379612444907,91.54474745294922,68.04020374858453,134.5180965188932,76.48751490498589,18.989377038502916,4.063125481611589,126.88149940712216
34.974561541550365,61.40303034999582,10.48597334882832,44.249872311115844,-48.70510941894781,-11.523145060722314,47.924954338624,44.67369495718644,-48.95557733478452
16.440338728673773,48.68613915823866,109.73563718383997,-9.543360177055057,70.00083667248964,27.33709706274709,105.63332629974894,65.96379327814904,-23.746770617327197
##########
21.357105075731816,67.64677532416998,114.80265038632729,65.3645284893698,-28.843692262997923,61.02722933191063,-32.560883591940154,50.94466824690214,-12.524951583522018
64.01326227167503,113.47138993589849,110.30659099552716,0.3367479667602211,149.16273726937953,23.262272474273146,26.291086774906397,102.02104886564467,44.97085045351328
122.70770617439796,111.61987197786306,133.12274987590195,22.46263383807051,81.34293537297626,54.26231114281315,-37.966075151468935,56.77964073383155,9.268426164143492
34.45575924645981,77.67501770050768,60.28044006460393,90.29567551348023,126.14417498107579,128.1919066537984,121.22666057298181,51.95585866747985,23.171971244492184
##########
59.01465563508578,53.363059572182,78.44947696076528,83.04423184810017,-32.23639310040196,45.74263972572825,57.42030394448022,64.54376884085477,-39.191251939351176
19.076356855454407,92.91811834120051,42.35936901470465,30.933295068555516,50.70143004696152,5.621785648374164,61.353614365552794,54.03934617532674,29.255459244719347
23.683684648119147,110.76605236157857,134.25839655838905,1.892494557535045,118.1714101691918,56.7266327215455,51.32962068553412,37.429303563909556,0.9235455631880498
87.06476611143806,79.01772398770166,80.31400871250784,49.672108916545604,14.29756029552604,66.35847211576345,-15.112934099051625,47.489860162288785,108.52426263584263
##########
47.63788329619939,112.17728441979878,104.22964932776472,17.026850180484395,83.33992065618446,58.2323255000621,35.70435739829379,36.85835316268025,124.7296862703831
112.3216803265917,63.84630958890165,14.99472022350384,49.02685271725489,143.70573537015574,37.114078502498614,67.93979753004726,64.88549713760837,-6.679059632876893
107.39323054268054,67.59710574156044,35.790634215696535,74.21937722782266,109.4629224210729,113.87162484973155,82.73411580905633,96.44319657780315,-31.303710646169687
54.04824589382793,59.89641385793591,-0.06952117866882901,87.85956690314669,52.812116412429816,-31.66030842909917,22.360398290382513,54.52606065277602,74.78395085056195
##########
-0.8775578794470171,81.67577777551277,80.45276365063091,5.325246297153996,92.70398536320513,103.12859718461488,65.06984865565568,20.375802752227553,-30.077562180972865
98.56891263647883,58.96568703843104,69.07490790836769,99.93063453092134,35.16755534389213,35.96426834974828,139.169429455885,85.91671557230049,98.12560900556116
94.39089063837405,102.8462420469368,103.61979131902393,93.73993812581347,-22.490985075128943,25.748344968835823,-10.77208611404609,71.47455643864967,-46.032675845429594
60.236593429320074,74.55072590129254,115.19998390537754,12.410604755249132,126.21471642389506,-38.283643984605575,95.32452050974408,67.33924505903178,-18.492868141437548
##########
82.71138760725678,66.06117618742516,121.37511502322536,23.622868968801775,98.4468163039881,58.899576204659866,-39.671891133161594,86.21121749394712,-36.711098096964115
128.93845182212016,70.79603489186182,5.58738223735363,37.602315147966856,134.1489222617871,16.242082949016236,61.99252623200105,64.25951299325479,24.831260150797092
28.863419523240367,102.72650516919538,126.9394820800795,77.0476315811631,121.74614737270926,60.48223845851486,67.40743652831989,81.47722775233859,144.26100632574315
60.73864388088274,80.27231044849586,73.38935472871475,112.15806985838998,124.76545793694771,143.7691546666094,116.81528943212103,102.20853617251132,33.9261259560725
##########
14.029190257768548,85.5636545447154,113.0015703552258,127.60095051832789,113.05478614449848,-12.514776414690388,88.62902044482834,62.44990391977139,95.29465211885145
77.48205312486431,101.73526305391178,53.33342627913159,69.9404282926709,-12.901010584979275,32.53831606832148,97.37793350517589,56.24298547849114,-18.69093813826021
11.244570561250853,42.991905793853704,115.85054040128199,38.3911944365781,6.289542951567739,36.718555352024865,10.574525719830206,63.62472613953719,94.4627394668006
77.39438658485673,39.38493199665945,124.80810180712814,27.914553828257233,-25.556480060573538,77.43057699990399,-30.55712260875677,120.97817859567866,-47.43408135434965
##########
72.12907384586619,93.21391583088129,77.49643575479314,-34.8492979746382,60.16011036229301,66.79722926499052,18.743455732854194,90.98599242095932,-34.59572847862617
46.52907714248929,44.02631131965548,-4.707946975996246,37.96857954466437,142.32881699653893,68.81626636388138,40.77681700839016,46.090531988194414,-15.168995597686397
114.44217289833297,54.0918118094826,6.637806102681118,73.7827531078974,146.64873521533005,-32.928784758193714,50.71655482881095,50.858875108040536,86.8502192531769
111.17361906197623,52.33601873992431,108.17481413802108,47.49499663213732,143.2417604515401,36.25442439185838,3.021573278602837,82.6709326009204,88.49260793491382
##########
43.1040419467491,41.43890344387653,45.819292036018716,3.4080643741134793,13.271504816534474,33.580481531931,70.07346578215211,58.50130005649143,48.92770715659131
88.67451196364131,100.68017059894774,47.69911376441896,2.9425674310483885,21.900403491487012,99.96814108043651,14.359617004768126,119.36552221607181,-13.44898489613984
104.38779159160343,56.27425645460326,92.56177938901263,67.02017310064443,149.30432356554766,75.6711525078099,-45.35938754404038,62.15964729299766,-42.07205362901024
107.30585670237295,112.04362409933057,23.78412888936328,111.98421750010874,32.32703259866447,-2.8107522044453574,-41.59739809840175,60.13454937454159,28.942021042889493
##########
43.60479470099733,107.04663690389339,107.42681805559857,-3.1226316162638312,-28.9463967132644,41.34877517538189,19.44068864913779,60.664585696572836,17.859037767113733
81.30341300853934,92.10771308184275,-2.98817403033733,51.55135067991531,31.590145140335707,54.30361860857913,37.31687563893386,67.27819310177222,59.6814808095353
103.42918168373458,112.91670251996996,11.071155519786288,65.17404940230915,112.94494741190451,36.148775396585165,-39.122637751951935,31.397063102245877,-31.798825904574574
25.01409686255944,77.9073663105612,78.18120870061347,40.04717449325202,24.337188482156094,108.90806533465056,-5.02729190524213,45.892086745076625,47.9522428611501
##########
133.05360956449482,74.02636442418111,46.273711646599146,47.64993227272888,-11.379153693809528,58.68410169628562,45.149893060634334,67.58596818814823,140.45134197619592
52.18305020268718,58.29368074316351,36.046925895873876,47.12771089850063,114.00880940829288,78.7801590394588,48.85380975793009,10.058608153404618,112.73499445737141
84.94389273649442,82.06745123131091,125.7704135604092,-14.357137629102866,1.130377688533727,112.11298135119324,15.546063063887495,86.15189358521846,85.46007053848558
125.6643388161071,91.71808660860479,103.95977636673825,88.61998532048693,73.79078284718,39.40632731170588,-41.10339662498903,55.60777775612923,113.28754748793418
##########
34.49294218349862,56.91126122000632,125.92357819209926,7.6507508286331944,104.59301937881075,98.79337910520528,61.63830264924537,59.38534674003898,91.5601623128129
80.9873007071253,90.44826019036364,120.99414472462965,135.12856567658858,103.20603111014529,51.71722837540165,77.54070711140174,96.18189821968252,139.8861490797767
55.109692041503266,80.9113314222207,117.35185658033383,67.51143242974227,98.3989892903882,30.81482732946306,118.45738828029212,73.93639530795767,111.65722301406434
131.571204272143,111.81918656495098,57.57925251123747,37.25507144850531,135.15798279806592,-1.5579930806639535,16.064481384534226,7.359039210498343,-44.25359743582361
##########
34.64232915246146,66.35765264711415,34.30736839042596,-40.426607968925005,-36.78454805837119,-27.221375706719275,68.66057242621378,52.91984363503577,-7.520069428596528
119.06610850176617,72.76548253199603,88.15103108385259,37.88032163935754,64.93303057055596,42.17165343136169,51.099176817440416,99.59588631015819,7.348010485791505
63.62955463911567,106.71244750141409,8.298550711959216,66.97294570262898,-20.149695913196265,38.3924217222518,30.909043082956465,46.07523631609754,-17.389326916865674
85.9919421843643,98.21736648350043,131.15468302077977,25.623005513892146,52.03257816611453,77.15842541803373,117.86301080154902,60.582919499754816,3.798510073616619
##########
17.794424468539685,45.59600650939149,117.07634904816058,41.5660163099159,132.02280236589644,100.60181560195593,72.75754188385321,83.19640103796036,5.153057863758313
47.627819637982824,105.74707596765185,6.9736452738004004,25.010201703656413,132.132260846746,50.776104668841015,-10.689164817903254,58.28728789812692,120.19548562759354
62.71629199782015,55.812105334293236,41.15304904027293,47.375117385931,13.513770601137587,22.70887042776657,49.97452679930132,57.72110061558064,-43.03365572592833
43.89764440307038,57.79100981324241,87.16628806472846,112.46879894518648,87.07832691237186,89.88477143957223,39.775692805677615,128.7070564444998,-34.66243487243027
##########
79.13039211126713,107.18986988979557,89.07986772957898,22.386732160023705,34.999583821172834,21.706551434247515,52.48629191826735,65.33671558925663,2.483689130225237
98.38215913880727,58.42774091714573,126.59105308672045,-31.6163551732878,142.58864531983247,68.3436860553509,105.55455676366975,75.61310892204074,-30.24896717219959
92.90117140515069,104.51437698731564,53.28840088318217,17.280257625396267,128.02283256505515,26.682627274796005,11.050651073052997,104.71414615638926,-23.867201256313148
85.74345104828109,48.354778182485106,130.41993420864011,68.7671637084099,53.27748125021641,100.65186970254061,-27.80123321511735,65.59210758247201,-26.515223100382638
##########
115.57871375287407,82.04303753283435,135.19240388574502,34.832954876820985,109.54306174788769,-2.048416475987125,9.125239684326424,57.55535573117671,78.56011769404371
35.829622051263335,96.10414588000721,41.6383343191531,91.72555856201535,128.41069346996136,101.68098255183494,37.706830514707384,17.21426529545156,-13.911668341300917
106.37454727885634,97.42591257604067,76.1422997606937,62.805564696229574,82.75870633257739,27.424279253365853,-10.874512061518764,53.98021007443084,141.55590038587192
37.8707982985113,66.59590683480297,8.357558809632554,5.483348130720472,26.088513691886945,85.4836407253753,34.10880211811752,89.39495103056689,103.69498384688418
##########
59.992255690042946,80.85051590582218,121.82834219451496,21.953581431811322,122.85581116383923,60.147580387545084,53.4053061260206,88.97534967023795,128.7459307400014
12.502926429746683,72.74563688443085,-2.0737913919984896,21.838598163506976,45.47339512158595,13.42147766578276,5.7351490498925015,37.7012707441364,135.01087954399824
40.322144775342025,111.14852777243011,89.07761802586437,1.605941182076752,120.86554340236658,80.64805621804516,59.028912590887785,59.146964788169235,-35.599730949253235
83.77362323844947,48.31717111412202,-1.0196693229682778,111.14039720509562,116.96177380027817,-28.84662808844877,-26.364472431328696,13.879285832374068,-37.144088200857624
##########
10.62684196977614,106.66253141441965,109.91344160966099,57.75990597742352,-24.445140998510762,-25.674174261857317,-25.909721857886005,53.45589187955645,-36.82696557946268
58.08237361754178,100.57115375597867,-3.5846347439330435,31.09941324280836,96.46238237180091,58.22837477857077,41.16453347018716,95.54560104789348,130.1951812096745
132.56164306746837,60.02293647680642,120.90556199049621,52.411110770024344,123.3465462318947,68.2659536017394,22.295060032421908,39.688292702838666,22.768581495454796
34.601243317970344,80.9281839744041,48.611951987876154,88.68802483305751,79.41204382478645,148.6639790826642,52.965071481980566,74.19817427803068,90.5975063245904
##########
85.77212981978265,50.19833239798088,44.27321217520665,112.18764370410878,53.80352315668546,75.4468493807571,80.0633281627384,39.465603889490886,140.3914164535351
87.99795766111183,85.74684930144306,122.13056484940913,9.086343028374031,-45.27058532519168,72.39131374261343,55.32875700205461,83.42315305120943,117.34639911709792
103.33606431408212,110.82015687785818,-5.107382068426134,61.215788314432395,90.08728054586607,16.749299040327585,38.58778196737182,107.6473100881829,129.7697203515796
36.73620397655829,50.32270686138902,123.5165766603638,25.956605056457086,-12.160176845952428,133.70037128323628,-27.121737414678126,69.03306526243398,101.55405831473973
##########
110.81025185564602,91.40244631236828,89.8172117376651,62.22391185909057,139.82263500900885,105.35467565883962,67.01867545318413,65.37973644929315,90.73697510844042
74.57848279498486,93.73515661054763,91.35389623855261,70.91059809493638,109.16630486184783,41.59409732648439,-18.83205233222811,45.740835627606046,106.48574978132021
22.22713161626852,56.58184375208067,27.358896411576865,-17.410352630962194,142.70582607350894,42.53047008466007,-6.631744197701472,40.96792493295325,-44.713151938357164
62.17585191798272,79.88372651436987,107.72096649165786,25.05095484472043,49.72981162065986,130.21601186472108,44.655812029306865,88.12001001172874,-15.214013674173607
##########
120.46579915723028,60.90754632661164,59.386541831800734,35.70594622444549,39.2783852399712,75.86288851979273,80.46594719851674,100.1157067593827,88.7203429318964
82.35065194033159,84.99114096282858,46.548462931960906,-0.4291291305126208,123.67564087265387,34.298930263675786,39.77571116179954,61.432977070655085,-45.77865600193316
42.42307659813498,41.631473551364785,91.50055439726799,65.59489229502677,129.4927006445441,13.364530994732029,-32.15943558504121,56.721231906432344,47.570256650197635
85.33495995417955,60.74635311231583,49.2235763614738,79.93225631355907,-10.79011329085138,95.2467167171948,-45.09546538342021,61.923536544256216,10.193472086027903
##########
124.83686693495014,73.5029127405011,16.387141422631334,34.61300306821182,127.03478442356047,86.0502921034809,-18.365401725609175,21.758020063953712,58.93029280708346
46.954283304226294,44.995367921867306,125.8156605312355,43.671145646948126,140.38436931572866,17.483637838717385,0.06499181039188073,56.099388214094546,139.25711827875335
41.70343455025158,103.33672482691668,132.2230072512726,87.30528666372746,-14.357922732486614,-30.337080032534637,2.7142761289169783,41.22067156246486,-37.93243668627804
116.52187623089074,55.842759025191455,96.68137274996272,98.65905665699867,73.3759835428306,99.0469533543758,37.864721922550096,93.95679718064193,37.30397317728617
##########
17.67368947842226,110.24244519927015,65.90288053299838,66.21935753945456,136.08875918068836,114.62429727193555,106.40301867884313,93.95609334693668,101.90923136913992
0.389463774575626,78.71739074849373,36.7345744893896,22.262182420167328,-26.810925953007203,98.3526121169865,31.985943615208676,47.42483607654853,46.57002320181121
92.15606718706407,86.00181635011036,104.94805379976864,-46.15112225634413,28.0665572569589,32.27500113106963,-24.54298982294816,73.47431349144233,49.015178115428256
103.85290016636999,49.43560886243873,76.18683775473903,3.9301462339249795,143.24564570518496,15.424413093326962,28.62113507943902,40.927030306148076,-28.304287345896306
##########
82.57676915080991,93.83387993852531,124.79699738932786,94.0630049984488,20.859336566654235,20.21311620968045,11.51111277735776,53.20917152481863,64.18983836354757
29.071209030672442,98.1619108218226,12.82590018472212,20.34045947750989,131.49639329697206,-3.348860442631164,80.67068293955836,67.31917143912597,-38.58688203371859
72.37075444889503,97.37759722176932,128.36776083016937,-0.2662158864740931,118.80941853672539,53.7837924981869,31.500495804240664,61.06481544748284,55.84646644354983
67.6220626438934,82.81167179849677,121.21871078483622,7.233581652042098,-41.264663879636586,74.82100085627472,-40.04090509046478,19.278131918467,38.7790424263993
##########
85.17346763341972,82.37757331551302,55.36876512272044,105.48264220984353,55.39318352551432,-20.21157656973893,-29.36369509429249,24.558498470240256,-37.100805504494524
40.67565245570732,82.66610451874806,73.83040622552195,47.018324996714334,49.65963170123871,56.29313323460035,22.84012010344994,63.66612721367123,50.162506891402145
118.44657485591074,110.58083648968656,70.9092473588793,56.71246601736238,94.6161937082274,99.70798743896069,78.51873305779299,87.56846533287029,138.09069303378612
84.54404019403128,107.68813402242623,100.48635906782684,-4.808197766157626,-16.87627224432609,14.477346413309888,110.97103598199584,89.13848578902386,130.63370931859546
##########
124.49043988499126,92.09747688702646,69.32243464255811,18.192310205821677,69.90258398021972,116.84010601284689,-13.248237972848258,56.599950929378416,135.36441753249153
111.02363995480869,97.93081322114605,37.880402302196785,91.45623950641672,39.51067662107381,79.40588235742163,32.72496179307115,95.47995059757946,-20.589010570697823
60.84840751457114,87.5564930997183,37.47676769333111,-17.279211733723862,93.49660637359659,42.03258647377474,-1.5629330508522443,31.18625225386352,18.08064548543929
70.05141423750516,59.67722029532707,44.08817939692843,24.207723215332898,84.90587692152641,-3.3292584464732897,88.70161636251851,61.6947379824166,-43.91104945519133
##########
82.57676915080991,93.83387993852531,124.79699738932786,94.0630049984488,20.859336566654235,20.21311620968045,11.51111277735776,53.20917152481863,64.18983836354757
29.071209030672442,98.1619108218226,12.82590018472212,20.34045947750989,131.49639329697206,-3.348860442631164,80.67068293955836,67.31917143912597,-38.58688203371859
72.37075444889503,97.37759722176932,128.36776083016937,-0.2662158864740931,118.80941853672539,53.7837924981869,31.500495804240664,61.06481544748284,55.84646644354983
67.6220626438934,82.81167179849677,121.21871078483622,7.233581652042098,-41.264663879636586,74.82100085627472,-40.04090509046478,19.278131918467,38.7790424263993
##########
115.23707469908464,88.335516210268,54.81304877512237,-3.244489061890114,-22.11131372987305,85.42677674521337,71.98589781806879,48.868355538271956,75.19734746499161
16.838577498096083,79.02832852222508,130.45026492688663,36.52904318221517,86.02324582019008,-10.29546296692159,23.650763558199465,81.44055746155837,137.15435363737504
38.75515669476697,107.42061784802982,51.5433176381598,95.55104633609128,114.07631454272826,55.05416252488071,24.721607829383807,61.114490569709204,131.5953224672725
28.354383997656974,71.8892877419861,111.97734907432778,56.00584884317859,60.48582634195827,112.1958439634495,113.21425124388543,120.17522217859343,32.02533166104972
##########
45.11733751762078,107.3194906009818,14.805270728949843,-42.96626404419132,111.73828058380286,74.43476675138834,31.90113803137519,95.90964979058381,-31.848537484034946
106.8815555906638,102.8637522447865,15.062464202369231,74.06647787552885,-1.2597099883152367,78.5478852505762,104.91258968987336,53.17620510104877,-28.826774688995357
127.5228251264253,43.11397396357088,135.5253677391051,18.217707816706827,31.29222987755294,-12.141862406066672,-29.07643939417524,108.11950457886718,131.08623830712887
82.44942108193644,75.23821835377811,69.78217738516943,43.820736245905614,138.32997240183857,9.224540172969988,34.25692447455419,63.394313519529284,-5.7346756234323735
##########
73.37699164275506,109.77120664612181,45.53956135693393,69.08307523033798,130.1554874273182,48.436829819006206,37.8585345020796,40.410490827475954,-45.08467834478942
122.69363774364201,60.35201812242166,47.70175016283208,11.359532990501258,143.43847650739278,46.86103711800271,-45.1202172037498,6.7641189099813035,-6.66089374289372
121.36893894793697,75.07695464336746,42.99599207943182,67.20137128758307,119.51011030666757,146.26868220587676,20.954987985806206,64.8756201957637,79.9085410332751
12.337401187983088,72.54110843186766,3.7171193442204373,67.16420772988346,22.42275191056764,102.55501758442344,26.83006121883364,71.40976512656113,124.68343979725773
##########
99.92914219669856,65.38205001478764,85.94935908558665,77.94810391621448,130.74461876366757,3.9454335742284314,-26.66751680351426,41.745965637652226,-15.27271210308276
95.863650566878,79.44922514239434,-0.12027150710530066,54.6924521359422,128.77125439126021,97.5127782927494,10.011972295284266,68.15085535939022,-38.29443479597385
131.63681958958233,77.76832361369998,-4.957588703670142,17.99874155658126,19.58514114254244,43.32673678935561,67.41118790289559,76.05170580929911,8.52385852796489
52.27100433982001,109.96420497753837,31.725861969099412,42.538865419415494,-29.17754577382643,68.80693871012878,30.71412441641754,89.5306073899857,50.806258814685904
##########
109.40619766338834,60.416279289490056,40.797328227518356,10.651176366638193,2.4998187630984883,103.5317909222675,-10.266010261881373,65.74980699953626,-14.67011887839699
96.8761546378888,96.37677348063373,114.37217453938533,30.466206764084344,44.852695014229155,89.43072583175736,77.83003308209847,47.8382154294021,-45.87495670404349
35.02388664355636,91.70273848328208,77.71982063659286,-5.642683717251761,101.87499657465165,72.11126882582488,5.2521085644728505,108.67974880121467,120.00035645409962
102.53432861237263,40.97840974275313,114.62807932837774,86.78891486708639,108.6647735367223,19.05508416848832,-15.189467039619064,89.04858493304536,-19.198843450277344
##########
128.4902942436184,39.37520834336281,42.37224214741349,92.62016321701296,36.63577588723035,35.200322404178635,-33.277860417382605,4.307927429758264,39.66980086700151
115.13759523302873,46.87156782781659,79.93203706698603,52.19273539856943,-37.25600698947542,126.74703320633273,-7.621170516971304,94.54666687784243,-45.648009051400216
29.843426607567835,69.3315195638639,46.46910947111667,126.24448459416965,141.50340130494578,4.905737225001097,34.35761915459583,60.20017249847874,132.6672930829934
112.76761841852458,80.74510446840394,83.96679694386742,24.254592180842458,-47.70268009098595,98.25687035488215,130.6314371039952,78.6708955015635,131.57870593961925
##########
81.47756274960534,93.57221256617443,73.99110447613458,34.21042440549733,-31.217793611652844,136.1663931320651,-3.0918658181711507,124.84694669397328,-9.165462918051858
105.01008187185779,59.25889612493937,-6.1125327258873225,-23.154068307174004,23.316809549916144,11.62744772039106,17.523405259273893,58.58297830217647,142.6516020627403
123.91690239886273,46.76535831621465,34.50755534272537,56.567381213337605,112.3736836995381,70.25727873281859,-16.95933822468951,89.61819229918461,95.9797881934249
122.82473284811589,86.07937358151747,76.84625749433286,89.26713737454534,11.725773994597489,68.95840933953869,-34.80699023538899,66.74894615892285,90.0921915818239
##########
105.27446555642231,76.99178604427061,90.95294099580516,56.293007548124656,-37.95894490424021,110.72591276647947,137.27902204794506,81.54988287432775,-34.14726357364655
10.168961367146414,55.32085383126248,118.91246904265049,110.72113514223736,21.6581798348016,59.45539292719424,-16.78970632805699,124.75441970796001,138.54665199388046
12.996447481897636,76.29449269315772,109.30193635339944,51.300847264956325,129.14303157272536,-43.75880744898777,16.59725382245061,94.80764902577235,-47.36869437423303
78.7261092459739,77.93183690538784,74.01448244996527,-1.5634484277034488,76.45888647414527,64.15916194331481,-33.973335603917214,45.7497140709802,146.27593536693064
##########
80.02123954487816,112.41822393740233,53.89902136931971,132.54612813214987,115.05370888254001,-49.025784305953394,-38.74139219179132,96.3259781863396,98.61387437029765
62.23423034085566,52.87542212331661,119.02128300837774,22.97097931126094,26.34130178114195,42.28778473910191,-23.636294406798548,59.5116134524259,34.68148192309654
113.77749877755322,107.16025150880384,88.31819232800007,13.760483717084291,86.12700902861067,74.14419303203937,13.124727655285398,54.76269012426085,-30.297153884113
55.934413296168046,80.04692495150744,55.703069394027644,102.77426866827619,133.09771284281103,29.053013276412514,121.41749577852545,10.033080548234834,134.7369701428276
##########
73.30085442058936,113.06017928867797,14.900936093803825,130.13127717016877,118.66619160169512,82.61096966169467,-30.714341410523513,106.71321696708358,-0.2376663689516363
55.11472557018291,48.941240468275836,107.33609294946535,66.01442567729549,127.24003514995255,-12.639802473763417,-1.5100958671138542,26.44409054767475,127.23047800775035
49.86738790125285,47.040673279885944,32.05850688766913,14.050404709640063,46.60486044803662,28.000781051877198,14.951563720077715,70.29358805108751,-0.9760241556142049
111.90622236090351,104.23122357021057,60.619290679663784,49.65335354900164,130.44379930761937,63.00760171057411,-28.109494575203875,63.13997845908432,60.00498488001651
##########
80.11873562436257,107.09980367328586,128.3174056070097,137.11579383270566,107.9825358807571,98.50433914757065,42.6548617839783,43.27450419831574,108.65757161600212
34.583290732553905,101.11098787705521,24.02389645113049,50.85892824594456,128.13060160737612,15.680984973458223,40.04482952771777,58.57557080461073,52.81070339621235
81.52705889426096,98.1047607491332,66.89340702571872,58.54313214393556,83.29852669527813,21.332251233100138,-46.267362695313416,79.86271090308824,-16.039996910718017
65.05792861832711,57.53296582713795,9.748067316093817,39.61950338502404,114.44761122569687,61.52633135464991,80.18838231286747,81.3554106065024,15.876362680786528
##########
98.85042109145189,68.34666402776631,93.34812214338339,49.26210240846171,21.591002590734192,113.91905266060385,-40.41022972136793,105.66224800886849,124.56230976677287
116.78024083448607,71.67019385629084,65.48497063996768,4.518853474970591,58.31009500343937,38.87727270354307,88.01995983846015,40.83558786027027,62.28876530415995
127.76598462815413,75.66492739848167,47.91352021446774,-26.331893495781646,141.49331066434624,68.44204397464473,31.220260986166842,88.76824077568045,104.44046437943373
99.17019984745359,68.79280109115865,134.50556291787532,65.91936665218174,142.91226787584674,99.16165849889535,57.90534854566045,63.35121316371442,119.81015087130453
##########
67.93930224747525,51.23186578023158,16.044055419375994,41.999427051781645,-25.8192967269234,148.9168975504991,-9.733990291574173,57.20824562087509,-21.750782164450744
80.18817283455479,70.58838762641548,32.065275657519024,90.71380886661785,42.01704041523588,81.48542567916712,33.117297198568345,54.23232383627672,131.83734246092197
32.17638339452152,100.61428949253639,61.24068774592306,64.48403036734345,125.25081099730693,21.78967659890698,-14.076110796946764,81.24030361633876,54.80585239030023
129.84327528669291,91.29205620188293,53.96752904258175,28.600353938447434,124.45923274025367,57.446648554686035,10.23039301947496,37.857926454008236,-1.2806175686188723
##########
115.57871375287407,82.04303753283435,135.19240388574502,34.832954876820985,109.54306174788769,-2.048416475987125,9.125239684326424,57.55535573117671,78.56011769404371
35.829622051263335,96.10414588000721,41.6383343191531,91.72555856201535,128.41069346996136,101.68098255183494,37.706830514707384,17.21426529545156,-13.911668341300917
106.37454727885634,97.42591257604067,76.1422997606937,62.805564696229574,82.75870633257739,27.424279253365853,-10.874512061518764,53.98021007443084,141.55590038587192
37.8707982985113,66.59590683480297,8.357558809632554,5.483348130720472,26.088513691886945,85.4836407253753,34.10880211811752,89.39495103056689,103.69498384688418
##########
99.92914219669856,65.38205001478764,85.94935908558665,77.94810391621448,130.74461876366757,3.9454335742284314,-26.66751680351426,41.745965637652226,-15.27271210308276
95.863650566878,79.44922514239434,-0.12027150710530066,54.6924521359422,128.77125439126021,97.5127782927494,10.011972295284266,68.15085535939022,-38.29443479597385
131.63681958958233,77.76832361369998,-4.957588703670142,17.99874155658126,19.58514114254244,43.32673678935561,67.41118790289559,76.05170580929911,8.52385852796489
52.27100433982001,109.96420497753837,31.725861969099412,42.538865419415494,-29.17754577382643,68.80693871012878,30.71412441641754,89.5306073899857,50.806258814685904
##########
126.67006361867318,42.83925858820296,0.07378393211435608,122.13112791480373,-18.901706740385205,58.96267866895441,7.978837790890722,76.36013703200246,-11.750394368848788
72.0708120908165,107.50399280219423,94.83833929792905,26.433042832988043,110.14108242994777,13.853248375324846,89.961867626072,17.015468179360436,60.65260438104406
57.01966807034277,100.51016924507807,106.96067848869086,65.69128442665209,104.45957950300823,82.56226883719603,67.07649283464772,62.845998641243106,91.27881859553952
88.55976147690694,71.06807059441617,25.11536488205948,28.214630862200572,92.67380258266704,-1.3023037917222666,-26.93841814671505,68.75534311631557,28.77556051584834
##########
45.004373424384134,110.74424979706018,78.24005804640058,67.74207084643712,95.87796585030577,29.170053758647896,83.02215319423891,95.45751000773069,135.95122940011913
37.12841873090124,40.18271838699359,98.90088480313295,62.659699685760195,16.713875280464634,76.4338864882668,64.68904570654283,44.217754881125884,-42.96093918552988
83.39481016553981,72.47205290716104,101.35818078152704,-0.11487972377261713,0.11389966283994113,148.5428652702825,-2.5376971129763675,82.32915661533247,113.41649710530552
129.55539130677016,54.81451850078399,88.76430787210731,-11.08638964087185,101.58606608873123,48.318637724274026,30.335550309532856,47.0286024350793,97.33425729657083
##########
117.19602250228805,59.900624169434785,69.74784338902477,106.11550211950598,67.47119427393176,45.28465315265911,8.789873833658381,23.49838301754665,-45.31792195984343
47.12759362860407,94.528263063547,20.48117463945043,1.2535077024658046,-28.49391296463071,16.377923532273474,116.38442033151681,36.06268338839418,-21.5611184543133
23.596601680612828,79.71153718346783,56.38235677696335,62.01086733884884,151.90432505172495,71.2842056786964,-25.56311049396071,59.57502871750859,46.35575318743071
21.658601718180957,109.85530899477001,111.58857727443284,40.689864580802514,88.78325179560211,132.25468440100866,48.6725466415938,56.58156433271307,-14.95502643992258
##########
120.46579915723028,60.90754632661164,59.386541831800734,35.70594622444549,39.2783852399712,75.86288851979273,80.46594719851674,100.1157067593827,88.7203429318964
82.35065194033159,84.99114096282858,46.548462931960906,-0.4291291305126208,123.67564087265387,34.298930263675786,39.77571116179954,61.432977070655085,-45.77865600193316
42.42307659813498,41.631473551364785,91.50055439726799,65.59489229502677,129.4927006445441,13.364530994732029,-32.15943558504121,56.721231906432344,47.570256650197635
85.33495995417955,60.74635311231583,49.2235763614738,79.93225631355907,-10.79011329085138,95.2467167171948,-45.09546538342021,61.923536544256216,10.193472086027903
##########
93.2726113906156,99.09514311345454,84.82744751346232,11.599772860232129,40.68333565976481,101.76544725645317,2.477242559216016,72.34249181042372,4.976696108977215
8.283657180321462,108.31981104465285,41.936913394299296,0.5639925049846823,-9.562520756547066,61.24469697446122,-41.730645208071415,86.31468120584353,-37.954055624126156
83.10358709341082,63.596237733017865,32.40698779118709,81.76267738756397,-29.682117276846398,13.129516435407027,29.07497595169557,55.93917653661943,-42.2890080542096
55.59359784291448,61.36511218263287,-6.535640836408136,48.97378792537028,138.35811584281893,52.485144504896226,-1.9626129518915505,30.65991245848983,129.7763932462193
##########
93.2726113906156,99.09514311345454,84.82744751346232,11.599772860232129,40.68333565976481,101.76544725645317,2.477242559216016,72.34249181042372,4.976696108977215
8.283657180321462,108.31981104465285,41.936913394299296,0.5639925049846823,-9.562520756547066,61.24469697446122,-41.730645208071415,86.31468120584353,-37.954055624126156
83.10358709341082,63.596237733017865,32.40698779118709,81.76267738756397,-29.682117276846398,13.129516435407027,29.07497595169557,55.93917653661943,-42.2890080542096
55.59359784291448,61.36511218263287,-6.535640836408136,48.97378792537028,138.35811584281893,52.485144504896226,-1.9626129518915505,30.65991245848983,129.7763932462193
##########
40.596485442262576,76.49121673834178,33.851218099894616,56.877267693373504,26.545549672199726,2.448190583769531,-28.404456379896942,53.96407989160607,24.929872935187532
45.21637811083104,62.18635636422137,73.26569657385122,39.721793204291906,73.02462871547984,23.165096967335288,-12.48901282585777,63.104403403386485,118.17893505741208
37.07718370360556,92.10879675259264,62.574606153330116,128.7152152327013,5.3975336350526675,51.71599642474018,105.04110610577592,105.92208017241293,-41.55515734117064
102.79261708399193,45.09485918738127,57.95604648192211,-1.4700874450861718,131.47320226815538,95.07901493135415,47.61513006026025,64.72318308907175,85.77546054809656
##########
93.49028892812362,60.40267685754198,29.653742392273237,-7.019792344844085,40.2304781111809,101.48875584993556,66.71819050417832,75.58240376624363,-24.737357937882773
97.25382657635558,106.86594839941179,131.58736809750968,52.6887615919941,39.06805421262392,91.89383766908813,71.7989144153305,55.97177934979427,118.22332031352883
93.7530705966929,66.10410634779895,57.324752748960826,59.012813717831484,143.24434955705198,47.7787358002564,-6.911392996306233,65.76482730995394,-41.25487489670288
123.6119583425435,78.4605881286963,92.5149005756086,54.27777882424943,103.3506894173675,72.09073445728123,39.33565956397475,121.72077078642647,-19.04298285885395
##########
45.11733751762078,107.3194906009818,14.805270728949843,-42.96626404419132,111.73828058380286,74.43476675138834,31.90113803137519,95.90964979058381,-31.848537484034946
106.8815555906638,102.8637522447865,15.062464202369231,74.06647787552885,-1.2597099883152367,78.5478852505762,104.91258968987336,53.17620510104877,-28.826774688995357
127.5228251264253,43.11397396357088,135.5253677391051,18.217707816706827,31.29222987755294,-12.141862406066672,-29.07643939417524,108.11950457886718,131.08623830712887
82.44942108193644,75.23821835377811,69.78217738516943,43.820736245905614,138.32997240183857,9.224540172969988,34.25692447455419,63.394313519529284,-5.7346756234323735
##########
86.74578489525501,42.91279363770088,60.870239682095665,41.37321754019512,-41.52879810519505,77.21857123777107,96.16845388951972,50.9920001159211,-16.753995754563846
19.568273228322408,62.67352443135833,22.943091746174403,45.25224285912537,70.69487190826942,42.29469997918471,79.60351528317884,42.10661690337256,-48.32270951704871
2.679466648634986,87.08294455207849,130.58951563498601,119.26497056113183,17.323286666100216,71.70204552355895,-20.33741021577877,124.17688993934246,-46.12932955978377
67.29377406412566,96.91552399970873,-3.6563553261717665,5.447432554263365,14.093927691866412,-31.981332794930317,-0.2585371643702885,65.27475392320694,-43.09625842752457
##########
104.7863359660807,104.72310448580424,19.08782467163306,21.39901971177897,124.39962713340606,13.733444825089023,55.660128764792226,61.40197621929357,105.46507529565108
91.22187946908223,110.26529894904743,24.818094107455458,76.80668089087297,34.06199034928758,8.940353852015612,-23.84127484983325,14.673355995618607,-32.864738266874014
133.16977822833928,105.94033730987493,-5.894077103197047,-9.569894599442968,145.9458181241568,47.61490799984098,122.67855317182944,76.55485767681517,102.04478156460931
75.83167667732442,104.95160473135886,32.437565289281956,104.87273476148192,-27.97571133672141,94.58252041293687,96.20847010416188,68.0761343303067,-12.58247854867642
##########
75.97413771792917,57.69652673213383,85.52589679385048,99.21076487863002,140.90566805038068,54.344257306993995,-38.387523261142405,19.893262823549758,8.281317294514047
122.18360387746749,50.69636364544805,44.08297441678,-18.146024502949086,40.81918068676022,-44.02232857683599,72.08792952935812,90.48373214063824,-44.18819247932676
84.32873031786266,97.00101554936444,92.38555577458735,3.041914744102243,90.68058993795108,64.89601960626483,87.68668080830528,56.495526365130864,115.15361111354062
72.28895449530984,73.02184367211213,34.17570955589712,21.49036776109407,96.77249883430017,8.81846596827085,75.81366415487989,76.94660590763601,-4.431947060416533
##########
126.98997500372921,76.234098771466,46.80917963127832,43.15787322545945,148.54763852529766,11.505307302692728,58.47296387424711,56.041769403816275,103.22172775609823
87.90560539000083,68.10044203404682,100.60426900834057,110.83261769501391,110.90747294255863,62.53105493576703,-38.28408153617747,90.97222052349395,13.648817828528983
55.31595083731843,98.30702790515667,83.08737550973115,11.897743418884495,100.1283901375242,-11.611155449649367,88.54691390988361,105.87552568371484,59.056204129997425
26.195254418030206,94.61933357457019,99.16305609647216,-10.908608082313542,116.75517286655213,66.93077736948969,-35.7134519163878,50.674634395184626,30.325538766080257
##########
98.85042109145189,68.34666402776631,93.34812214338339,49.26210240846171,21.591002590734192,113.91905266060385,-40.41022972136793,105.66224800886849,124.56230976677287
116.78024083448607,71.67019385629084,65.48497063996768,4.518853474970591,58.31009500343937,38.87727270354307,88.01995983846015,40.83558786027027,62.28876530415995
127.76598462815413,75.66492739848167,47.91352021446774,-26.331893495781646,141.49331066434624,68.44204397464473,31.220260986166842,88.76824077568045,104.44046437943373
99.17019984745359,68.79280109115865,134.50556291787532,65.91936665218174,142.91226787584674,99.16165849889535,57.90534854566045,63.35121316371442,119.81015087130453
##########
75.5605087082532,59.07218189885934,113.58947234380588,32.866229246752134,50.21412617433636,-2.1900302507692473,-2.6147895648195387,59.04979614458115,-44.53753032935533
11.913042342797302,61.58371331004902,41.38402893262169,67.20120508460735,134.38334568780482,85.46491598151209,36.76820930388765,58.139591255309355,74.76167531819452
58.04746360552883,48.97663791436263,45.056439647195084,43.547530536139185,-42.953818973533345,45.06998397150426,-21.478351132584955,94.41403860804192,102.68953601900199
128.80290440287166,47.59859882132737,113.08130208261082,97.56723374013177,-41.21746161570958,61.3993996178247,56.10021847123161,81.1213908848928,128.38708858742726
##########
124.49043988499126,92.09747688702646,69.32243464255811,18.192310205821677,69.90258398021972,116.84010601284689,-13.248237972848258,56.599950929378416,135.36441753249153
111.02363995480869,97.93081322114605,37.880402302196785,91.45623950641672,39.51067662107381,79.40588235742163,32.72496179307115,95.47995059757946,-20.589010570697823
60.84840751457114,87.5564930997183,37.47676769333111,-17.279211733723862,93.49660637359659,42.03258647377474,-1.5629330508522443,31.18625225386352,18.08064548543929
70.05141423750516,59.67722029532707,44.08817939692843,24.207723215332898,84.90587692152641,-3.3292584464732897,88.70161636251851,61.6947379824166,-43.91104945519133
##########
131.73201765284375,61.447449471437075,-5.851293448459783,85.52432774763497,-9.987375201342545,112.73488345652834,83.48391312523728,86.43889722613861,60.298504260094106
70.73719936089442,82.98379612444907,91.54474745294922,68.04020374858453,134.5180965188932,76.48751490498589,18.989377038502916,4.063125481611589,126.88149940712216
34.974561541550365,61.40303034999582,10.48597334882832,44.249872311115844,-48.70510941894781,-11.523145060722314,47.924954338624,44.67369495718644,-48.95557733478452
16.440338728673773,48.68613915823866,109.73563718383997,-9.543360177055057,70.00083667248964,27.33709706274709,105.63332629974894,65.96379327814904,-23.746770617327197
##########
1.521277904944955,77.39140352721076,127.39425694343058,83.17928773072376,123.65760094531325,26.634160813910654,-3.6042966020893488,77.51032673837045,88.18485432823871
33.095395339047876,100.12439551818161,-2.3591401588748777,20.784861191755418,95.98403365186655,123.61040443741283,57.66840810625734,66.57242748292592,-48.84279645263235
104.6595196285596,56.67413004659021,66.76270024060332,20.527514069035966,-40.49565936116271,84.38597171721085,41.27547243206943,99.29647713092447,90.62602721398517
108.03732585757464,64.93756980476803,101.30220322286505,61.935101069136785,54.5880486218268,57.82842188923429,83.2607260382008,44.90065415720061,90.38898410648477
##########
123.02474486352433,100.40441960902388,23.29939798987307,10.500062413763857,92.67599140749584,-2.366837296411518,36.108262229196605,67.80669876354955,121.04670292056775
74.82089534205706,100.23238867758715,0.7552175944198662,27.518402272676845,82.04815138046112,101.3031445041766,54.68654294086188,48.754587976103174,-10.10462842626012
37.67673438286276,97.61518359626962,25.126764348265077,71.19214499684432,12.59558755753487,89.45557592826185,32.08163689415037,58.76010491822025,-14.080283368368384
63.715888688908734,39.393636192759494,5.842682609124237,77.32837814683919,26.075173372155774,43.26864495494938,13.295689580565245,114.15888083852562,144.0248164820119
##########
15.927577479644174,55.80580925994879,-0.8469406445940084,44.292461756483895,60.55046477603901,54.60643894868427,45.71536919497972,66.08920057194473,-33.70010026208145
65.55948471980072,100.60447019082267,10.585444803336827,16.980517180299103,145.63372397791437,-21.610614969303544,23.58927678306265,31.55542329423625,146.53749523310742
2.186676981869149,96.96416162094582,57.59648567607626,43.15023966225697,32.19065437364124,57.24356800383019,-5.073171220796205,45.13116333942238,38.73482482927862
84.12331348549978,66.4190596380498,25.80642580995695,108.95307918195087,148.00542790038008,81.33954295603348,25.005975739869406,94.47234803835607,129.16497026795648
##########
99.92914219669856,65.38205001478764,85.94935908558665,77.94810391621448,130.74461876366757,3.9454335742284314,-26.66751680351426,41.745965637652226,-15.27271210308276
95.863650566878,79.44922514239434,-0.12027150710530066,54.6924521359422,128.77125439126021,97.5127782927494,10.011972295284266,68.15085535939022,-38.29443479597385
131.63681958958233,77.76832361369998,-4.957588703670142,17.99874155658126,19.58514114254244,43.32673678935561,67.41118790289559,76.05170580929911,8.52385852796489
52.27100433982001,109.96420497753837,31.725861969099412,42.538865419415494,-29.17754577382643,68.80693871012878,30.71412441641754,89.5306073899857,50.806258814685904
##########
112.77876007044105,68.00627243690155,99.51391065087802,140.0293950879597,-2.114475560318411,9.027468279319663,-15.059350845967828,6.207146996679408,134.97934664525394
16.072052369320584,94.82735174759182,114.75001164741784,-20.836921661992626,32.565337621728375,116.25460753385465,72.80823153143533,59.88507196257658,60.4335512553977
65.34729515984515,39.36854884805532,80.4929874651094,40.416662311196525,118.16384073624329,69.11212629893176,87.16425686942421,26.980940174688335,-45.954288976598576
105.02413445487984,76.14866147752164,132.089422256648,31.76968527325389,125.82711133085829,97.53566423422191,34.87427403828887,83.88185858289546,60.213817080581904
##########
77.9334229382508,107.69118146096153,106.61703210023211,116.01304015623722,40.98549331428363,-47.64366461031142,-13.04896170810597,77.46041344556883,-48.555176244693875
53.46778525130624,110.27786471670845,131.49241618125632,51.82305293539168,106.49323363341844,70.99601192059866,81.81237607471007,34.24217832268939,111.53138274852071
41.37041920291478,40.623169750227,126.77353811161322,-28.805774062848368,118.11325425773137,78.87747144950234,9.723646087706435,6.2983303380561475,144.15207307196638
119.37099114030555,63.99405606227691,-0.9803361654243634,14.80219021691125,48.7049573369038,-6.826408246252022,-46.60739313315708,55.682593787862686,112.4587461889316
##########
33.521959755003685,103.01604916117478,111.58992805828797,13.084879968995104,139.5892663463822,63.37572218811904,-36.49147793540278,39.74517026921188,103.25402700645066
105.71358969114141,67.38829207432448,-7.623124503606913,36.648766734866506,149.52237943642876,-27.06217150936512,107.06983818929939,31.392075003552893,100.9733778577471
111.45585558990952,111.54954139207302,100.9020577876544,-42.28787275458321,113.4800551763534,42.05379642006362,-42.16277510290393,78.59054665950237,101.87081503559418
123.96288469397498,65.34730066463172,55.98346069452037,113.30180301705545,-21.975353824920106,-24.37438329685364,24.261424501503107,83.66108978912735,-14.477271323264283
##########
39.14915435459065,95.73732349181762,132.95599993205545,-7.130903880884851,-15.974724926649905,-6.318109715025464,91.80158616669186,86.8569828386315,139.60763216330494
75.8392853541605,97.90012410373758,127.20187796340446,28.081484594003733,92.2070458407371,47.04617390873038,-42.69967834770792,51.90257109182468,1.0021158190959696
36.96951231537201,78.1788855359273,79.47391904761898,70.7827954200151,93.04555148250356,87.98217377592852,-9.034901136256849,72.28561491227944,145.37799375530895
116.04986110452255,44.317328661942604,130.24623637392259,110.90285452946745,-48.110072531166345,-16.16757343490538,117.5703446881061,120.34430376244441,81.37450000606472
##########
1.9875768043837967,81.7143623401904,131.83791633315224,65.86339690683724,112.27696822545164,53.78087886799199,-45.815135740974036,74.20154200929778,27.40999839721455
107.38009949300664,74.94051614843126,65.45891002277509,49.013589535677816,-22.120989481725783,25.37410468827794,16.820413328005444,62.98071510643181,131.141172317219
53.60818253270016,75.82146752552667,92.8157610538108,101.08791374620316,100.95578256586262,56.803624658782326,-42.313022322801956,59.2238830952078,128.80403191287678
92.52658642084221,81.7462389840239,93.68244821835401,-6.001920303154613,-4.650134874358905,110.19290387252849,47.749753046997704,9.39145131595973,57.40761845459171
##########
122.53546604270643,94.88306847997728,74.7081360247916,137.83549180536346,44.32384880561567,66.80528639580065,61.89003477940266,89.7389462579649,-28.876070678283728
38.406118012564015,81.85319159030595,70.08153211938406,61.37836557614725,120.96442398083852,-33.63227606714314,101.36632275634057,13.346620436083402,-47.89316037885213
2.943833434681996,71.9025213050156,27.238619264592472,16.14285413813696,73.89996158611063,129.03537008494413,-35.28488913863163,55.92689673132346,72.81186249426783
72.62648847813334,54.03636032843944,40.246484547369434,35.383232800096756,100.8342379904461,55.66622221470246,26.255575244867423,67.00363264731365,46.652231421317936
##########
117.07294773363154,76.18130517678821,27.069440642222837,80.38532924947876,137.56596715210472,69.14798193617978,28.969691141843022,93.73480717957816,132.50087438794463
112.85377851552909,88.73270579129805,26.25529803072432,-2.298553837308461,82.58587467683296,12.512326550707172,117.7534728746106,52.27137919371466,-42.82253012850086
12.589325145567154,105.86658152212118,64.32610129602193,43.622679503871915,-6.397147030134946,-11.763531229997206,-23.701037896212384,40.42401286208091,115.90393084091576
48.721688839748296,66.48144426652524,87.36868458389728,-23.17486591919388,109.89993550125573,76.73480546397155,72.71642050631127,70.59967964518233,92.56909178582208
##########
95.97767335541612,59.19079993704745,78.03902505683317,49.83838558014467,112.77326001283953,-19.483495812626717,123.6346289118564,92.70020213139446,-42.10498449389397
73.97026503643178,52.738490650418804,51.07117545668809,69.17103315290964,24.537050746961725,98.54332813410625,25.87586658518159,122.00666628826747,145.83344498469316
39.23864959656795,39.88376047578314,79.39946037130105,-37.611041083714824,137.13262049610563,28.209985072479753,106.94396454182879,57.59890218741869,2.6862795893563955
110.93635628004976,113.50909661098711,77.94572473100175,-20.02897537678794,132.41520531333646,43.95399288323493,9.098792734446505,86.67703798115761,46.27158205197996
##########
2.9539201210861097,75.36406418152416,92.85083769621158,31.08289941419838,-44.4039891182007,76.50026139719301,-27.190034399425645,65.05201877411389,33.23964298398852
113.79180985250973,55.691326065517146,66.35401339975945,-8.897962493615694,132.49076410075452,45.32036520123887,35.31933112626517,84.69514391971802,37.00321002605312
19.284826050026204,62.66840507066072,44.01094035407804,81.20944388788091,-49.05937228381745,37.25232075331974,82.08639865509524,44.781072074313826,21.598374509309664
37.112780692457285,112.6630758629117,96.4905153524682,29.25427447777533,24.34943275088413,-15.793440314266059,74.35954004844227,48.84980672099782,-29.854115233954822
##########
99.51242447683049,87.9771145862212,19.13115921681795,54.014063610979015,52.97002860430658,53.12040654426231,82.55882474353214,49.1382511746057,118.59227498540386
63.71795308468457,45.033024670321375,53.28933510831123,52.43309852038383,-18.449563402557235,90.50967997737271,20.57065330008988,103.86768034221788,143.4923410561471
32.21059752137447,42.91223128734326,109.92536858756068,78.75847038371299,81.23111879647558,53.23823636643483,69.95396311757034,70.42237800126614,24.595870461506323
59.39193971810943,59.99272459484327,100.04407873259686,9.607286376613338,69.8183829660455,-23.098240876745102,56.696239941424444,68.8766774137626,107.64788619736552
##########
1.521277904944955,77.39140352721076,127.39425694343058,83.17928773072376,123.65760094531325,26.634160813910654,-3.6042966020893488,77.51032673837045,88.18485432823871
33.095395339047876,100.12439551818161,-2.3591401588748777,20.784861191755418,95.98403365186655,123.61040443741283,57.66840810625734,66.57242748292592,-48.84279645263235
104.6595196285596,56.67413004659021,66.76270024060332,20.527514069035966,-40.49565936116271,84.38597171721085,41.27547243206943,99.29647713092447,90.62602721398517
108.03732585757464,64.93756980476803,101.30220322286505,61.935101069136785,54.5880486218268,57.82842188923429,83.2607260382008,44.90065415720061,90.38898410648477
##########
131.2350391338391,111.34921385997725,-6.606797087618261,-15.853247992317467,100.32319028101477,109.63281166017381,-26.774883970060134,105.71064615399777,123.12634352225069
53.9197456730168,98.01411058404523,86.26621602467128,42.916370473119166,-19.746541643812797,18.66964794504476,32.788792341963365,58.01654336204744,113.66907589897562
97.1826728376597,57.81889631206636,63.07071089495967,43.567818083915945,-18.108058698937725,83.21331659138045,0.4430968083523297,61.35361808033752,97.97743941404755
19.57719186577105,66.08628336439814,63.319732805337985,60.201651299688045,-16.568816786033395,51.07855983977446,-34.44896338509396,78.96524834557417,-27.009583482053237
##########
75.45635160021807,77.32417248122405,64.66438375496324,38.59041759878597,9.92524405060913,53.38372624787635,74.27996258796344,67.30778590188535,-20.153822778413776
25.78586255941157,102.84443140974699,4.955290530969949,-32.604437525376376,-13.263106339693188,127.26226950538114,27.892823343628173,116.67124433290886,127.84308499171573
95.27491901552047,53.117776293970834,63.13721188863163,53.92573677595279,119.96975886513101,20.864651352665177,-40.77673447535741,65.33886742742015,101.8575047242839
32.6769668947456,96.22326065228751,45.5151726069624,50.419951117737746,80.63832916607669,38.83387420572615,-18.758898587506764,52.68427476216649,74.99278391774754
##########
53.04351185337712,81.0221195380064,26.71099994095843,38.008002389516044,147.0263582830609,28.4939819156762,44.313906424587024,73.15271736841959,9.115941357725788
122.90655180644026,51.19355381912254,75.73945994287178,46.70178537610996,12.582993767970493,59.1930481015077,-24.17293128967908,63.81418787625657,110.71643949637297
52.16593122677945,88.93011477256131,131.54960354683428,101.4138500804003,112.44595500035496,79.84066310033526,79.75772600447274,70.80953558471035,2.3889573359440632
133.3440642972708,62.259142041897945,91.4952522024783,39.136143968425635,-32.868529005900584,-13.092139528596178,36.96008119225592,16.683374655543602,-0.5619862975967962
##########
12.566241766258909,76.2143365411643,106.96697254274224,63.40272098640644,88.28809423171205,54.64546606568928,-41.479641095776635,74.1366931970903,136.0742474404143
69.94642137235533,111.51104082421512,46.80905209219798,-33.58654545042219,87.9548769320908,6.179809894384761,80.61999127345817,36.08057281045999,-9.119662738645324
98.05365450306411,81.95959891722043,55.14986058682347,-1.036386079800593,-19.36555865385845,2.269716938251179,74.06585227691806,92.3924840205245,-20.966047040174516
80.05256556457041,91.12457636215645,14.969667782155248,44.828849366121624,45.2392137744412,89.85128519597282,105.29191892753491,63.559359805257344,96.33653415715855
##########
104.58233951824013,113.30075904969794,48.51215080719309,58.896421411083715,129.5079227546199,47.00136313833396,2.127816430861934,119.35332581128978,15.880855816244463
37.74937637105346,74.58568867029581,58.91509271831021,16.703214028324275,-29.528961359529028,-1.8306471212776927,-11.62818818020714,53.49779363317964,144.331586040959
110.0384979653475,99.14070324632723,15.569302288591913,11.334966109627892,-10.120748844143577,71.6280461395936,-24.37225716638316,37.61733344677059,58.07358301377826
128.8146477614012,76.59075549896761,4.94036790113574,106.93575086212073,141.12385674501206,116.98614935394244,28.373980003511925,76.01503508915687,131.59009675525846
##########
105.27446555642231,76.99178604427061,90.95294099580516,56.293007548124656,-37.95894490424021,110.72591276647947,137.27902204794506,81.54988287432775,-34.14726357364655
10.168961367146414,55.32085383126248,118.91246904265049,110.72113514223736,21.6581798348016,59.45539292719424,-16.78970632805699,124.75441970796001,138.54665199388046
12.996447481897636,76.29449269315772,109.30193635339944,51.300847264956325,129.14303157272536,-43.75880744898777,16.59725382245061,94.80764902577235,-47.36869437423303
78.7261092459739,77.93183690538784,74.01448244996527,-1.5634484277034488,76.45888647414527,64.15916194331481,-33.973335603917214,45.7497140709802,146.27593536693064
##########
85.77212981978265,50.19833239798088,44.27321217520665,112.18764370410878,53.80352315668546,75.4468493807571,80.0633281627384,39.465603889490886,140.3914164535351
87.99795766111183,85.74684930144306,122.13056484940913,9.086343028374031,-45.27058532519168,72.39131374261343,55.32875700205461,83.42315305120943,117.34639911709792
103.33606431408212,110.82015687785818,-5.107382068426134,61.215788314432395,90.08728054586607,16.749299040327585,38.58778196737182,107.6473100881829,129.7697203515796
36.73620397655829,50.32270686138902,123.5165766603638,25.956605056457086,-12.160176845952428,133.70037128323628,-27.121737414678126,69.03306526243398,101.55405831473973
##########
111.39558214561875,103.53165560742121,29.20477280889169,24.312622759659384,101.195765493816,27.916141713195188,68.25228049264237,69.20585580055322,24.62106473697139
116.33761122833135,59.117657186706566,99.58637273307997,120.58787227374748,-32.545638068433846,66.51788284907592,-0.19856965435366192,27.583278986212264,-12.442105561331076
120.3764801206944,37.79098135534727,53.53751157797527,116.32843792860152,102.94879129680558,-22.87619182168388,136.01381863640535,67.11529081402583,-48.18608405466327
70.15183584920842,89.23587359798425,11.822626159839032,38.15353803273549,146.9830787570657,100.03663945398847,136.31480631748525,102.97598613499005,-31.08340250129662
##########
82.05366905443833,94.1288884987849,12.686947369357501,1.005360624977719,140.8333260602965,61.44443061380289,19.52859082853464,37.262217893438645,-16.58911579428664
120.27676161055416,56.58661612191834,127.59040934182534,47.4044618509699,93.01354747407387,22.183788894841115,91.59998893734166,93.81697783798364,98.8932044144708
126.17985178182785,47.6048581039452,122.58766550790057,71.65140371046411,86.80402230103277,127.51364898335845,35.953605412906875,101.86609738195958,125.95299802368623
36.95688793766575,88.02960112522197,109.61325669754041,-26.94812559506124,1.1008085653339634,108.03061393254993,106.47765174103182,57.57044507005569,107.95437095573627
##########
70.34815813388468,49.60836025012921,130.5162896665505,57.36918408909812,-21.666581613091008,-12.78983300159291,138.24980151782643,44.29424942437838,127.14560092780371
120.49065413072707,92.53120840594087,28.25281529872332,130.011284613047,78.3408720708839,64.62232305007052,20.350291156491785,102.83487567108892,-5.7188909111674135
77.76915104693781,87.47116784489648,39.53543507699431,-9.697614986910466,138.3800317670257,80.11102565421268,70.39158259711195,76.48255156975807,115.89807438290106
12.934265501839604,97.96541315676244,69.59749959663426,36.626208417326986,77.9632943584122,8.668725121433376,53.24458121262871,68.80916355257938,45.90902853254461
##########
95.8575171419583,77.50418193263748,38.32162776933853,49.14295387706945,-45.70853258310545,-3.2361346295911773,-18.23393634792278,75.81822574394837,-3.8781819008537184
77.2764110537465,103.30545904625941,39.78396372041556,-0.9120427999967049,114.47536588583466,56.599944585365236,31.27420334723302,34.27461889682403,21.27373082089349
77.07816744719275,44.52312185802671,74.47076296666293,48.80712961282891,-35.98518688731815,88.34935571441923,134.94724728619454,90.06843884666097,79.67061262945757
36.06737139757239,104.61507856756921,23.924710644992324,116.39033567436758,58.15097174075899,50.7656718198143,6.414084002901589,61.448154266960636,-33.88620227824486
##########
-0.10869097026186014,46.52982379890841,34.92983209872181,19.504846863911347,14.204070837345228,80.57360409222747,105.01726527282736,85.4420011548373,-44.15329105335705
35.79975069188215,86.01413410511944,107.90034484543622,40.76279449989793,-28.58040074357955,18.537826192385282,-8.929570627199709,52.54473535340806,25.398349876516946
7.021024135214672,48.117742911871694,62.88152737621608,81.9568708863028,96.77151906806111,104.57868884891695,-15.571656198737209,30.240853608389344,27.393042911510136
126.39531985396033,67.5014841713592,105.10586682784827,91.10776648232832,-22.46060017120437,137.59499032282335,-22.00898668013287,55.24988826602284,-34.06828307200564
##########
102.86107980537757,104.43165580804663,114.57538641902312,41.27191066863369,-5.810899648093759,-25.428243529353047,-21.316830503402223,42.02433067402014,58.73199593526569
32.29173078743078,73.72956593414801,-5.882942850899386,120.20233762377981,115.20002159236785,29.004667433190235,17.299690984803,59.073986982100585,81.62441732428235
45.52298108053538,42.48119284433191,91.85209641182311,-14.293991713597116,135.7034036494262,35.0921509669099,82.15021240132506,64.899384523944,-11.224771527638957
121.98383935598011,89.80152489610128,41.66844353765176,49.660388002373246,-37.06835038859562,74.23777332075674,138.55372674773747,103.85404310606299,11.300716906766525
##########
113.01610218384305,70.98389764911008,1.5036674013012803,61.288873223789885,142.2987019575538,120.58465665549215,96.34659066078578,42.995114649423066,-15.128872818404837
132.6320907011508,59.41691337732493,-0.6077583890067881,97.43643684979986,-25.595409383287283,47.5648255156168,-5.716361513734867,43.33836596135461,116.56401125142239
67.55895702375894,80.30447706265785,-8.757892677372169,12.021348647577213,46.12844824423267,-7.949690177691473,36.20087084912159,91.24360720738838,-10.179700578112062
25.766817916856414,108.59501405384307,114.79931763206318,13.278390948188616,-42.28762498704437,60.648865419842224,108.41529812956753,86.23091479602252,-42.976181157373915
##########
6.603309228419598,96.22273373161994,53.988746455192484,39.66826791401083,30.320620906309117,42.45197688334524,62.58916151279494,61.62476068563166,-47.206945853484505
16.130310963509004,74.286058715155,18.691558663414035,63.95089416771558,4.97937026031623,103.86981245416803,-33.22199781246542,55.259898631823454,69.16911583764227
67.429728149812,52.31996839137205,38.073602225009616,16.9511323419025,-30.854290855523423,25.390256570417975,65.07633357089179,5.443039151132419,-28.051721953736553
130.44472425740446,84.0533888759273,70.9482617890138,61.320927892387,121.06742737062913,96.81166399547541,-10.085372694513794,58.71352401448504,23.947008190622597
##########
89.61423506395057,95.74784861934371,-3.6129100186625216,67.67884631515756,73.38585671863373,123.7324201186058,-17.215102403516312,124.51202758005721,-34.06637003912156
65.85156310307919,76.06330127869478,45.79774082628297,48.85700714272131,66.03660709961015,89.05794362037457,68.1890837564928,61.07489347738411,29.190295597554694
117.46986263269314,112.18460096014852,9.133185295958452,24.397935639482476,-30.144957480540626,24.669918784917044,-6.47866275332256,69.08818777742519,97.82888590237764
109.20476767250898,92.98890249044169,130.43121743312946,-25.317151143355563,1.8421646943856942,52.804236290989465,-24.633770863240468,84.77473401954259,54.84464279328161
##########
63.2175983459518,46.29526769455096,13.425110443370315,89.29309508094082,4.42476968517731,90.15221756250659,90.56686993561067,82.09026731329172,-6.698202768777982
4.122277047137382,112.28018591534484,80.65697879082848,28.048397556557028,68.00612790389175,-19.827464295121633,88.2574251884102,65.0791063267182,88.72369010104927
97.061502554921,73.7955107242656,80.0702337404827,25.907874328066363,92.41348130324644,85.23612058715358,-6.180926994243862,26.455163276411877,-11.936129820285366
89.72476970564124,68.4394802623027,94.06891809496986,83.16611501647586,126.35281320820849,35.34510900512866,88.06876080530108,74.99977281585845,-45.67057365891749
##########
70.03812388237895,76.62051185861874,60.452576657797685,13.35423930614025,17.61101423039753,36.682924103218866,15.33154626740118,77.82658304737762,-17.499651184173686
51.48835093446422,66.45608782507172,115.75747061982372,-16.9184034535821,47.2914312948451,44.58519468181139,17.857355124120723,57.95966493509182,95.66450333596572
66.71753746705461,73.04995619751446,19.714708265919644,69.30775339212371,109.60709482628371,86.64228141892934,21.90885280993995,70.45430935150847,-29.47582177255736
1.9850931054081316,64.43921265859431,-4.404663531766452,53.008865861874376,-18.63959010816487,-7.253014207686292,-9.145036405231188,13.135021706637959,73.7319270669985
##########
98.68036951017656,109.30495737883533,116.9876058068916,23.671481600178275,-28.765729660789674,58.133869934547945,-31.862940265933336,62.47257209677691,70.8085709432058
124.61512327897434,106.32039616232132,74.68434110011927,60.09803052154171,70.30447787186027,69.75753579514013,-22.580960488693837,14.109764317317836,-47.96314032927349
36.592575464114965,86.5672579038604,26.557921070562074,28.510389911962527,-24.59605955351316,147.1794418707401,58.967235533219174,80.72874995529145,-30.431305915492896
68.48243088194864,77.6285370959586,87.10948346126469,122.23273660196591,40.489668703916635,66.23534450637727,17.209649462679273,44.92229175850474,-5.4923537677064616
##########
